{
  "mode": "full-prediction",
  "warnings": [],
  "selected_sensor_idx": 52,
  "runs": [
    {
      "label": "stgcn",
      "run_dir": "output/experiments/smoke_stgcn_cpu/stgcn",
      "model_name": "stgcn",
      "best_epoch": 17,
      "best_val_score": 2.9056398418171234,
      "avg_mae": 2.6614703553346297,
      "avg_rmse": 4.9503931598571596,
      "avg_mape": 0.06630085318965195,
      "horizon_metrics": {
        "MAPE": {
          "step_1": 0.028553409464258557,
          "step_2": 0.0424606023366885,
          "step_3": 0.053407630172316284,
          "step_4": 0.06252648093959241,
          "step_5": 0.07019900108713972,
          "step_6": 0.07682194995244045,
          "step_7": 0.08267480339560554,
          "step_8": 0.08775844130998435,
          "step_9": 0.09230536004884181
        },
        "MAE": {
          "step_1": 1.2835022730518562,
          "step_2": 1.8344025569611366,
          "step_3": 2.2349824254965815,
          "step_4": 2.552501049968315,
          "step_5": 2.813154373807904,
          "step_6": 3.0369510802518684,
          "step_7": 3.233556124712423,
          "step_8": 3.4055877133691816,
          "step_9": 3.5585956003924
        },
        "RMSE": {
          "step_1": 2.131740079208702,
          "step_2": 3.2304215689577203,
          "step_3": 4.077435883520125,
          "step_4": 4.749076119661211,
          "step_5": 5.2895969327772505,
          "step_6": 5.739016219054275,
          "step_7": 6.126020300001598,
          "step_8": 6.458546857842777,
          "step_9": 6.751684477690775
        }
      }
    },
    {
      "label": "gat",
      "run_dir": "output/experiments/smoke_gat_cpu/gat",
      "model_name": "gat",
      "best_epoch": 19,
      "best_val_score": 3.246191206191154,
      "avg_mae": 2.9177524598414664,
      "avg_rmse": 5.442534104249034,
      "avg_mape": 0.06926392888092235,
      "horizon_metrics": {
        "MAPE": {
          "step_1": 0.029067469590816627,
          "step_2": 0.04322166748882553,
          "step_3": 0.054282180325470636,
          "step_4": 0.0637489172471764,
          "step_5": 0.07208639734342474,
          "step_6": 0.0798416421185769,
          "step_7": 0.08701795612608688,
          "step_8": 0.09383440367163293,
          "step_9": 0.1002747260162905
        },
        "MAE": {
          "step_1": 1.3143921214687462,
          "step_2": 1.9048411107947736,
          "step_3": 2.3487085657480584,
          "step_4": 2.717170139153521,
          "step_5": 3.0373766186481768,
          "step_6": 3.3335613486280358,
          "step_7": 3.6090475377306697,
          "step_8": 3.8729007572123817,
          "step_9": 4.1217739391888335
        },
        "RMSE": {
          "step_1": 2.2163674477818267,
          "step_2": 3.382194940901546,
          "step_3": 4.299328728779831,
          "step_4": 5.064845416565614,
          "step_5": 5.721407138189433,
          "step_6": 6.307868084628544,
          "step_7": 6.844809792984945,
          "step_8": 7.34222073196936,
          "step_9": 7.8037646564402
        }
      }
    },
    {
      "label": "graphsage",
      "run_dir": "output/experiments/smoke_sage_cpu/graphsage",
      "model_name": "graphsage",
      "best_epoch": 20,
      "best_val_score": 3.2189523220601592,
      "avg_mae": 2.8959586831343263,
      "avg_rmse": 5.350287372686436,
      "avg_mape": 0.0739447025687349,
      "horizon_metrics": {
        "MAPE": {
          "step_1": 0.02964882738090225,
          "step_2": 0.044785212570228355,
          "step_3": 0.0570212127903107,
          "step_4": 0.06760911844720915,
          "step_5": 0.07697864087598459,
          "step_6": 0.08573624724986503,
          "step_7": 0.09385762660538573,
          "step_8": 0.10145002294070452,
          "step_9": 0.10841541425802372
        },
        "MAE": {
          "step_1": 1.3146347581527624,
          "step_2": 1.905214546947262,
          "step_3": 2.348749354168011,
          "step_4": 2.7132631266595726,
          "step_5": 3.0252425419231277,
          "step_6": 3.310598672318967,
          "step_7": 3.5743367241981363,
          "step_8": 3.821826461810072,
          "step_9": 4.049761962031026
        },
        "RMSE": {
          "step_1": 2.213109045297693,
          "step_2": 3.3731119288910376,
          "step_3": 4.27603248272039,
          "step_4": 5.019796101214512,
          "step_5": 5.648623264762512,
          "step_6": 6.202606212184398,
          "step_7": 6.702484787503332,
          "step_8": 7.1540562419034535,
          "step_9": 7.5627662897006
        }
      }
    },
    {
      "label": "temporal_mlp",
      "run_dir": "output/experiments/smoke_mlp_cpu/temporal_mlp",
      "model_name": "temporal_mlp",
      "best_epoch": 8,
      "best_val_score": 3.296741784067789,
      "avg_mae": 2.95247289212524,
      "avg_rmse": 5.553632021571951,
      "avg_mape": 0.07057966118217766,
      "horizon_metrics": {
        "MAPE": {
          "step_1": 0.02942079673464344,
          "step_2": 0.04385929557896003,
          "step_3": 0.05521168852839209,
          "step_4": 0.0649312570398547,
          "step_5": 0.07344448692492335,
          "step_6": 0.08136359280495047,
          "step_7": 0.08880876775741837,
          "step_8": 0.09579377522142193,
          "step_9": 0.10238329004903453
        },
        "MAE": {
          "step_1": 1.325755061795022,
          "step_2": 1.9250146081617705,
          "step_3": 2.3781299300928564,
          "step_4": 2.7552150906101907,
          "step_5": 3.0803893090094516,
          "step_6": 3.3771351077886176,
          "step_7": 3.6547338980225508,
          "step_8": 3.9155072416797867,
          "step_9": 4.160375781966913
        },
        "RMSE": {
          "step_1": 2.2637174917655396,
          "step_2": 3.473738084216779,
          "step_3": 4.415807787415788,
          "step_4": 5.196140066126001,
          "step_5": 5.857463628509724,
          "step_6": 6.4406352378907,
          "step_7": 6.972270360788105,
          "step_8": 7.458165353087284,
          "step_9": 7.904750184347636
        }
      }
    },
    {
      "label": "lstm",
      "run_dir": "output/experiments/smoke_lstm_cpu/lstm",
      "model_name": "lstm",
      "best_epoch": 8,
      "best_val_score": 3.318576856686423,
      "avg_mae": 2.968712150300204,
      "avg_rmse": 5.539527101755694,
      "avg_mape": 0.0710248058272558,
      "horizon_metrics": {
        "MAPE": {
          "step_1": 0.029410349264235892,
          "step_2": 0.04374148247519729,
          "step_3": 0.0551153520198668,
          "step_4": 0.06496406404305682,
          "step_5": 0.07369696138177287,
          "step_6": 0.08184964767803939,
          "step_7": 0.08960417489570467,
          "step_8": 0.09693801062623927,
          "step_9": 0.10390321006118916
        },
        "MAE": {
          "step_1": 1.3307197025856337,
          "step_2": 1.9307882472789446,
          "step_3": 2.3867943074294655,
          "step_4": 2.7670710934802454,
          "step_5": 3.0959658871655495,
          "step_6": 3.3962363479964566,
          "step_7": 3.67764809667502,
          "step_8": 3.9428928398787173,
          "step_9": 4.190292830211801
        },
        "RMSE": {
          "step_1": 2.270305455039372,
          "step_2": 3.4818879464661965,
          "step_3": 4.425503953680899,
          "step_4": 5.204289508616751,
          "step_5": 5.856608709663668,
          "step_6": 6.428058202630384,
          "step_7": 6.944222114581834,
          "step_8": 7.411565649742986,
          "step_9": 7.833302375379156
        }
      }
    }
  ]
}