{
  "checkpoint": "output/experiments/smoke_stgcn_cpu/stgcn/best.pt",
  "selected_sensor_idx": 52,
  "step_metrics": {
    "MAPE": {
      "step_1": 0.028553409464258557,
      "step_2": 0.0424606023366885,
      "step_3": 0.053407630172316284,
      "step_4": 0.06252648093959241,
      "step_5": 0.07019900108713972,
      "step_6": 0.07682194995244045,
      "step_7": 0.08267480339560554,
      "step_8": 0.08775844130998435,
      "step_9": 0.09230536004884181
    },
    "MAE": {
      "step_1": 1.2835022730518562,
      "step_2": 1.8344025569611366,
      "step_3": 2.2349824254965815,
      "step_4": 2.552501049968315,
      "step_5": 2.813154373807904,
      "step_6": 3.0369510802518684,
      "step_7": 3.233556124712423,
      "step_8": 3.4055877133691816,
      "step_9": 3.5585956003924
    },
    "RMSE": {
      "step_1": 2.131740079208702,
      "step_2": 3.2304215689577203,
      "step_3": 4.077435883520125,
      "step_4": 4.749076119661211,
      "step_5": 5.2895969327772505,
      "step_6": 5.739016219054275,
      "step_7": 6.126020300001598,
      "step_8": 6.458546857842777,
      "step_9": 6.751684477690775
    }
  }
}