{
  "checkpoint": "output/experiments/smoke_gat_cpu/gat/best.pt",
  "selected_sensor_idx": 52,
  "step_metrics": {
    "MAPE": {
      "step_1": 0.029067469590816627,
      "step_2": 0.04322166748882553,
      "step_3": 0.054282180325470636,
      "step_4": 0.0637489172471764,
      "step_5": 0.07208639734342474,
      "step_6": 0.0798416421185769,
      "step_7": 0.08701795612608688,
      "step_8": 0.09383440367163293,
      "step_9": 0.1002747260162905
    },
    "MAE": {
      "step_1": 1.3143921214687462,
      "step_2": 1.9048411107947736,
      "step_3": 2.3487085657480584,
      "step_4": 2.717170139153521,
      "step_5": 3.0373766186481768,
      "step_6": 3.3335613486280358,
      "step_7": 3.6090475377306697,
      "step_8": 3.8729007572123817,
      "step_9": 4.1217739391888335
    },
    "RMSE": {
      "step_1": 2.2163674477818267,
      "step_2": 3.382194940901546,
      "step_3": 4.299328728779831,
      "step_4": 5.064845416565614,
      "step_5": 5.721407138189433,
      "step_6": 6.307868084628544,
      "step_7": 6.844809792984945,
      "step_8": 7.34222073196936,
      "step_9": 7.8037646564402
    }
  }
}