{
  "checkpoint": "output/experiments/smoke_sage_cpu/graphsage/best.pt",
  "selected_sensor_idx": 52,
  "step_metrics": {
    "MAPE": {
      "step_1": 0.02964882738090225,
      "step_2": 0.044785212570228355,
      "step_3": 0.0570212127903107,
      "step_4": 0.06760911844720915,
      "step_5": 0.07697864087598459,
      "step_6": 0.08573624724986503,
      "step_7": 0.09385762660538573,
      "step_8": 0.10145002294070452,
      "step_9": 0.10841541425802372
    },
    "MAE": {
      "step_1": 1.3146347581527624,
      "step_2": 1.905214546947262,
      "step_3": 2.348749354168011,
      "step_4": 2.7132631266595726,
      "step_5": 3.0252425419231277,
      "step_6": 3.310598672318967,
      "step_7": 3.5743367241981363,
      "step_8": 3.821826461810072,
      "step_9": 4.049761962031026
    },
    "RMSE": {
      "step_1": 2.213109045297693,
      "step_2": 3.3731119288910376,
      "step_3": 4.27603248272039,
      "step_4": 5.019796101214512,
      "step_5": 5.648623264762512,
      "step_6": 6.202606212184398,
      "step_7": 6.702484787503332,
      "step_8": 7.1540562419034535,
      "step_9": 7.5627662897006
    }
  }
}